{
  "15": [
    [
      276.88125344004277,
      175.74658227094892
    ],
    [
      389.29991967035085,
      186.71425702512533
    ]
  ],
  "17": [
    [
      260.42974130877826,
      210.7060455498862
    ],
    [
      340.6308629486931,
      151.75479374618806
    ]
  ],
  "19": [
    [
      307.72783868616386,
      157.23863112327626
    ],
    [
      411.2352691787037,
      170.94822456599672
    ]
  ],
  "21": [
    [
      313.8971557353882,
      161.3515091560924
    ],
    [
      404.38047245734344,
      170.2627448938607
    ]
  ],
  "23": [
    [
      314.5826354075242,
      159.2950701396843
    ],
    [
      419.46102524433593,
      177.803021287357
    ]
  ],
  "25": [
    [
      271.39741606295456,
      184.65781800871724
    ],
    [
      375.5903262276304,
      153.81123276259615
    ]
  ],
  "27": [
    [
      245.34918852178563,
      233.32687473037504
    ],
    [
      343.37278163723715,
      172.3191839102688
    ]
  ],
  "29": [
    [
      244.66370884964962,
      225.10111866474273
    ],
    [
      327.60674917810866,
      166.8353465331806
    ]
  ],
  "31": [
    [
      326.92126950597265,
      155.18219210686817
    ],
    [
      430.42869999851234,
      185.34329768085325
    ]
  ],
  "33": [
    [
      363.93717180131796,
      157.92411079541228
    ],
    [
      449.622130818321,
      212.7624845662943
    ]
  ]
}