{
  "led_left": [
    0.031216428472297268,
    -0.03846742930192856,
    0.05280594175912238
  ],
  "led_right": [
    0.018827589783395847,
    0.023960020802259733,
    0.060404606282379925
  ],
  "n_frames_used": 25,
  "separation_mm": 64.09687631318357,
  "reprojection_error_px": {
    "left": {
      "mean": 14.694756564150975,
      "median": 7.653544165205138,
      "max": 115.28306829976341
    },
    "right": {
      "mean": 16.757917346999402,
      "median": 12.243125749230934,
      "max": 107.28264785814312
    }
  }
}